sceneName,index,userAnswer,quizAnswer,response
Scenario1,1,Cefotaxime 0.5g Vial,Cefotaxime 0.5g Vial,"Cefotaxime 0.5g vial은 3세대 세팔로스포린계 항생제로, 빠른 치료효과 발현과 효과적 혈중농도 유지를 목적으로 근육 또는 정맥주사(IV, IM)로 투여하는 광범위 항균제입니다."
Scenario1,1,Ceftriaxone 0.5g Vial,Cefotaxime 0.5g Vial,"Ceftriaxone 0.5g vial은 3세대 세팔로스포린계 항생제로, 그람양성균과 그람음성균 모두에 효과가 있으며, 폐렴, 요로감염, 복강내감염, 뇌수막염 등 다양한 중증 감염에 정맥 또는 근육 주사(IV, IM)로 널리 사용됩니다."
Scenario1,1,Cefazolin 0.5g Vial,Cefotaxime 0.5g Vial,"Cefazolin 0.5g vial은 1세대 세팔로스포린계 항생제로 감수성 있는 세균에 의한 피부, 기도, 비뇨기계 감염 및 수술 전 예방을 위해 정맥 또는 근육 주사(IV, IM)로 투여합니다"
Scenario1,1,Ampicillin 0.5g Vial,Cefotaxime 0.5g Vial,"Ampicillin 0.5g vial은 광범위 페니실린계 항생제로 폐렴, 심내막염, 요로감염 등 다양한 그람양성, 음성균 감염에 정맥 또는 근육 주사(IV, IM)로 사용합니다."
Scenario1,1,Vancomycin 0.5g Vial,Cefotaxime 0.5g Vial,"Vancomycin 0.5g vial은 내성 그람양성균(주로 MRSA) 감염 치료에 효과적인 글라이코펩타이드계 항생제로, 심각한 감염에 정맥주사(IV)로 주입합니다."
Scenario1,1,Ceftazidime 0.5g Vial,Cefotaxime 0.5g Vial,"Ceftazidime 0.5g vial은 3세대 세팔로스포린계 항생제로, 주로 녹농균 등 그람음성균 감염과 중증 감염 치료에 정맥 또는 근육 주사(IV, IM)로 투여됩니다"
Scenario1,1,Gentamicin 0.5g Vial,Cefotaxime 0.5g Vial,"Gentamicin 0.5g vial은 아미노글리코사이드계 항생제로 요로감염, 패혈증, 복합감염에 강력한 살균작용을 보이며 정맥 또는 근육 주사(IV, IM) 로 사용합니다"
Scenario1,1,Metronidazole 0.5g Vial,Cefotaxime 0.5g Vial,"Metronidazole 0.5g vial은 혐기성 세균 및 일부 원충 감염에 효과적인 항생제로, 주로 복강 내 감염, 골반염, 위장관 감염 등에서 정맥주사(IV)로 투여 됩니다"
Scenario1,1,Piperacillin 0.5g Vial,Cefotaxime 0.5g Vial,"Piperacillin 0.5g vial은 주로 그람음성균 및 녹농균에 효과 있는 광범위 페니실린계 항생제로, 패혈증 및 복합감염 등에서 정맥주사(IV)로 주사합니다"
Scenario1,1,Meropenem 0.5g Vial,Cefotaxime 0.5g Vial,"Meropenem 0.5g vial은 다양한 내성균에 강한 광범위 카바페넴계 항생제로, 중증 호흡기, 복강내, 요로감염 등에 정맥주사(IV)로 투여합니다."
Scenario1,1,Cefotaxime 1g Vial,Cefotaxime 0.5g Vial,"Cefotaxime 1g vial은 3세대 세팔로스포린계 광범위 항생제로, 각종 세균감염에서 신속한 치료 효과 발현과 혈중농도 유지를 위해 정맥 또는 근육 주사(IV, IM)로 투여됩니다. 하지만 현재 처방된 약물 용량과 일치하지 않습니다."
Scenario1,2,정맥투여 (IV),정맥투여 (IV),정맥투여(IV): 직접 혈관 내로 주사하여 빠른 약물 효과 발현 가능합니다.
Scenario1,2,근육주사 (IM),정맥투여 (IV),"근육주사(IM): 근육에 주사, 약물이 근육 조직을 통해 서서히 흡수됩니다."
Scenario1,2,경구투여 (PO),정맥투여 (IV),"경구투여(PO): 입으로 약을 복용하는 방법, 가장 흔하고 편리합니다."
Scenario1,2,피하주사 (SC),정맥투여 (IV),"피하주사(SC): 피부 아래 지방층에 주사, 서서히 흡수됩니다."
Scenario1,2,흡입 (Inhalation),정맥투여 (IV),"흡입(Inhalation): 기도를 통해 약물을 흡입, 호흡기 치료에 주로 사용됩니다."
Scenario1,2,피내주사 (ID),정맥투여 (IV),"피내주사(ID): 피부 매우 얕은 층에 주사, 알레르기 검사 등에 이용됩니다."
Scenario1,2,경막외주사 (Epidural),정맥투여 (IV),"경막외주사(Epidural): 척추와 뼈 사이 경막 바깥 공간에 주사, 주로 진통에 사용됩니다."
Scenario1,3,1kg 당 50mg을 하루 8시간 간격으로 투여,1kg 당 50mg을 하루 8시간 간격으로 투여,“Cefotaxime 50mg / kg / dose” 체중 1kg당 50mg 용량을 8시간마다 반복 투여하는 의미입니다. 
Scenario1,3,1kg 당  50mg 하루 8시간 동안 투여,1kg 당 50mg을 하루 8시간 간격으로 투여,1kg 당 50mg 하루 8시간 동안 투여 : 체중 1kg당 50mg 용량을 하루 8시간에 걸쳐 투여한다는 의미입니다.
Scenario1,3,1kg 당 500mg 하루 8시간 간격,1kg 당 50mg을 하루 8시간 간격으로 투여,1kg 당 500mg 하루 8시간 간격 : 체중 1kg당 500mg 용량을 8시간 간격으로 나누어 투여하는 것을 의미합니다.
Scenario1,3,1kg 당 500mg 하루 8시간 동안 투여,1kg 당 50mg을 하루 8시간 간격으로 투여,1kg 당 500mg 하루 8시간 동안 투여 : 체중 1kg당 500mg 용량을 하루 8시간에 걸쳐 투여한다는 의미입니다.
Scenario1,3,1회 50mg 하루 8시간 간격 투여,1kg 당 50mg을 하루 8시간 간격으로 투여,"1회 50mg 하루 8시간 간격 투여 : 1회에 50mg을 투여하고, 이를 하루 8시간 간격으로 반복 투여한다는 의미입니다."
Scenario1,3,1회 50mg 하루 8시간 동안 투여,1kg 당 50mg을 하루 8시간 간격으로 투여,1회 50mg 하루 8시간 동안 투여 : 1회 50mg을 하루 8시간에 걸쳐 투여한다는 것을 의미입니다.
Scenario1,3,1회 500mg 하루 8시간 간격 투여,1kg 당 50mg을 하루 8시간 간격으로 투여,1회 500mg 하루 8시간 간격 투여 : 1회 500mg 용량을 하루 8시간에 걸쳐 투여한다는 것을 의미합니다.
Scenario1,3,1회 500mg 하루 8시간 동안 투여,1kg 당 50mg을 하루 8시간 간격으로 투여,1회 500mg 하루 8시간 동안 투여 : 1회 500mg을 하루 8시간에 걸쳐 투여한다는 것을 의미합니다.
Scenario1,4,6am,6am,"네, 투약 예정 시간 20분 전입니다. 약물 준비를 시작해 주세요."" \n5Rights [정확한 환자(Right Patient), 정확한 약물 (Right Drug), 정확한 용량 (Right Dose), 정확한 투여  경로 (Right Route), 정확한 시간 (Right Time)] 중 하나로, 안전하고 효과적인 투약을 위해 반드시 지켜  져야 하는 기본 원칙입니다."
Scenario1,4,2pm,2pm,"네, 투약 예정 시간 20분 전입니다. 약물 준비를 시작해 주세요."" \n5Rights [정확한 환자(Right Patient), 정확한 약물 (Right Drug), 정확한 용량 (Right Dose), 정확한 투여  경로 (Right Route), 정확한 시간 (Right Time)] 중 하나로, 안전하고 효과적인 투약을 위해 반드시 지켜  져야 하는 기본 원칙입니다."
Scenario1,4,10pm,10pm,"네, 투약 예정 시간 20분 전입니다. 약물 준비를 시작해 주세요."" \n5Rights [정확한 환자(Right Patient), 정확한 약물 (Right Drug), 정확한 용량 (Right Dose), 정확한 투여  경로 (Right Route), 정확한 시간 (Right Time)] 중 하나로, 안전하고 효과적인 투약을 위해 반드시 지켜  져야 하는 기본 원칙입니다."
Scenario1,4,d,d,현재 시간이 정규 투약 스케쥴과 일치하지 않습니다. 투약시간을 다시 확인해 주세요.
Scenario1,5,세팔로스포린계 항생물질 (Cephalosporin),세팔로스포린계 항생물질 (Cephalosporin),"세팔로스포린계 항생물질은 베타-락탐 항생제의 한 종류로, 박테리아 세포벽 생성을 저해하여 세균을 사멸시키는 광범위 항균제입니다"
Scenario1,5,암피실린계 항생물질 (Ampicillin),세팔로스포린계 항생물질 (Cephalosporin),암피실린계 항생물질 (Ampicillin)은 광범위한 그람양성 및 일부 그람음성균에 효과적인 베타락탐계 항생제입니다.
Scenario1,5,아목시실린계 항생물질 (Amoxicillin),세팔로스포린계 항생물질 (Cephalosporin),아목시실린계 항생물질 (Amoxicillin)은 페니실린계 항생제로 상기도 및 요로 감염 치료에 널리 사용됩니다.
Scenario1,5,메로페넴계 항생물질 (Meropenem),세팔로스포린계 항생물질 (Cephalosporin),메로페넴계 항생물질 (Meropenem)은 내성균 포함 광범위한 세균 감염에 효과적인 카바페넴계 항생제입니다.
Scenario1,5,젠타마이신계 항생물질 (Gentamicin),세팔로스포린계 항생물질 (Cephalosporin),젠타마이신계 항생물질 (Gentamicin)은 아미노글리코사이드계 항생제로 심각한 그람음성균 감염에 사용됩니다.
Scenario1,5,반코마이신계 항생물질 (Vancomycin),세팔로스포린계 항생물질 (Cephalosporin),"반코마이신계 항생물질 (Vancomycin)은 내성 그람양성균, 특히 MRSA 치료에 중요한 글라이코펩타이드계 항생제입니다."
Scenario1,5,테트라사이클린계 항생물질 (Tetracycline),세팔로스포린계 항생물질 (Cephalosporin),테트라사이클린계 항생물질 (Tetracycline)은 광범위 항균 효과를 가지며 다양한 감염에 사용되는 항생제입니다.
Scenario1,5,퀴놀론계 항생물질 (Ciprofloxacin),세팔로스포린계 항생물질 (Cephalosporin),퀴놀론계 항생물질 (Ciprofloxacin)은 그람음성 및 일부 그람양성균에 효과적인 합성 항생제입니다
Scenario1,5,마크로라이드계 항생물질 (Azithromycin),세팔로스포린계 항생물질 (Cephalosporin),마크로라이드계 항생물질 (Azithromycin)은 주로 호흡기 감염과 성병 치료에 사용되는 광범위 항생제입니다.
Scenario1,5,설파제계 항생물질  (Sulfamethoxazole),세팔로스포린계 항생물질 (Cephalosporin),설파제계 항생물질 (Sulfamethoxazole)은 세포 독성을 가진 균의 대사 억제를 통해 감염을 치료하는 항균제입니다.
Scenario1,6,정맥주사 또는 근육주사,정맥주사 또는 근육주사,"세포탁심은 근육주사(IM) 또는 정맥주사(IV)로 투여하며, 감염의 종류와 중증도에 따라 투여 경로와 용량이 조절됩니다. \n정맥투여 시 0.5g 또는 1g은 주사용수에 녹여 3~5분간 서서히 주사하거나 고용량에서는 희석하여 20분에서 60분 간 점적 주사를 하며, 근육주사는 둔부 깊숙이 주사합니다. 소아, 신장 기능 저하 환자 등은 용량 조절이 필요합니다. "
Scenario1,6,정맥주사로만 투여,정맥주사 또는 근육주사,"“약물 투여 경로가 잘못되었습니다.“ \n세포탁심은 근육주사(IM) 또는 정맥주사(IV)로 투여하며, 감염의 종류와 중증도에 따라 투여 경로와 용량이 조절됩니다. 정맥투여 시 0.5g 또는 1g은 주사용수에 녹여 3~5분간 서서히 주사하거나 고용량에서는 희석하여 20분에서 60분 간 점적 주사를 하며, 근육주사는 둔부 깊숙이 주사합니다. 소아, 신장 기능 저하 환자 등은 용량 조절이 필요합니다. "
Scenario1,6,근육주사로만 투여,정맥주사 또는 근육주사,"“약물 투여 경로가 잘못되었습니다.“ \n세포탁심은 근육주사(IM) 또는 정맥주사(IV)로 투여하며, 감염의 종류와 중증도에 따라 투여 경로와 용량이 조절됩니다. 정맥투여 시 0.5g 또는 1g은 주사용수에 녹여 3~5분간 서서히 주사하거나 고용량에서는 희석하여 20분에서 60분 간 점적 주사를 하며, 근육주사는 둔부 깊숙이 주사합니다. 소아, 신장 기능 저하 환자 등은 용량 조절이 필요합니다. "
Scenario1,6,피하주사로만 투여,정맥주사 또는 근육주사,"“약물 투여 경로가 잘못되었습니다.“\n세포탁심은 근육주사(IM) 또는 정맥주사(IV)로 투여하며, 감염의 종류와 중증도에 따라 투여 경로와 용량이 조절됩니다. 정맥투여 시 0.5g 또는 1g은 주사용수에 녹여 3~5분간 서서히 주사하거나 고용량에서는 희석하여 20분에서 60분 간 점적 주사를 하며, 근육주사는 둔부 깊숙이 주사합니다. 소아, 신장 기능 저하 환자 등은 용량 조절이 필요합니다. "
Scenario1,6,정맥주사 또는 피하주사,정맥주사 또는 근육주사,"“약물 투여 경로가 잘못되었습니다.“\n 세포탁심은 근육주사(IM) 또는 정맥주사(IV)로 투여하며, 감염의 종류와 중증도에 따라 투여 경로와 용량이 조절됩니다. 정맥투여 시 0.5g 또는 1g은 주사용수에 녹여 3~5분간 서서히 주사하거나 고용량에서는 희석하여 20분에서 60분 간 점적 주사를 하며, 근육주사는 둔부 깊숙이 주사합니다. 소아, 신장 기능 저하 환자 등은 용량 조절이 필요합니다. "
Scenario1,6,경구투여로만 투여,정맥주사 또는 근육주사,"“약물 투여 경로가 잘못되었습니다.“ \n세포탁심은 근육주사(IM) 또는 정맥주사(IV)로 투여하며, 감염의 종류와 중증도에 따라 투여 경로와 용량이 조절됩니다. 정맥투여 시 0.5g 또는 1g은 주사용수에 녹여 3~5분간 서서히 주사하거나 고용량에서는 희석하여 20분에서 60분 간 점적 주사를 하며, 근육주사는 둔부 깊숙이 주사합니다. 소아, 신장 기능 저하 환자 등은 용량 조절이 필요합니다. "
Scenario1,6,근육주사 또는 피하주사,정맥주사 또는 근육주사,"“약물 투여 경로가 잘못되었습니다.“ \n세포탁심은 근육주사(IM) 또는 정맥주사(IV)로 투여하며, 감염의 종류와 중증도에 따라 투여 경로와 용량이 조절됩니다. 정맥투여 시 0.5g 또는 1g은 주사용수에 녹여 3~5분간 서서히 주사하거나 고용량에서는 희석하여 20분에서 60분 간 점적 주사를 하며, 근육주사는 둔부 깊숙이 주사합니다. 소아, 신장 기능 저하 환자 등은 용량 조절이 필요합니다. "
Scenario1,6,경구 또는 정맥주사,정맥주사 또는 근육주사,"“약물 투여 경로가 잘못되었습니다.“ \n세포탁심은 근육주사(IM) 또는 정맥주사(IV)로 투여하며, 감염의 종류와 중증도에 따라 투여 경로와 용량이 조절됩니다. 정맥투여 시 0.5g 또는 1g은 주사용수에 녹여 3~5분간 서서히 주사하거나 고용량에서는 희석하여 20분에서 60분 간 점적 주사를 하며, 근육주사는 둔부 깊숙이 주사합니다. 소아, 신장 기능 저하 환자 등은 용량 조절이 필요합니다. "
Scenario1,6,"경구, 정맥주사, 근육주사 모두 가능",정맥주사 또는 근육주사,"“약물 투여 경로가 잘못되었습니다.“ \n세포탁심은 근육주사(IM) 또는 정맥주사(IV)로 투여하며, 감염의 종류와 중증도에 따라 투여 경로와 용량이 조절됩니다. 정맥투여 시 0.5g 또는 1g은 주사용수에 녹여 3~5분간 서서히 주사하거나 고용량에서는 희석하여 20분에서 60분 간 점적 주사를 하며, 근육주사는 둔부 깊숙이 주사합니다. 소아, 신장 기능 저하 환자 등은 용량 조절이 필요합니다. "
Scenario1,7,예 반드시 희석 후 투여해야 합니다.,예 반드시 희석 후 투여해야 합니다.,"세포탁심을 녹여서 주입하는 이유는, 세포탁심이 분말 형태로 제조되어 있어 주사 전에 안전하고 효과적인 투여를 위해 주사용수나 생리식염수 등의 용매에 희석해야 하기 때문입니다. \n이 과정은 약물의 안정성 유지와 정맥 또는 근육 주사 시 주사 부위의 자극을 줄이고, 투여 속도를 조절하여 부작용을 최소화하는 데 중요합니다. 특히 고용량 투여 시에는 희석을 통해 천천히 점적 주사함으로써 약물 농도를 조절하고, 혈관 내 자극을 방지합니다."
Scenario1,7,"아니오, 희석 없이 바로 투여한다.",예 반드시 희석 후 투여해야 합니다.,"“약물의 희석여부가 잘못 되었습니다.” 세포탁심은 분말 형태로 제조되어 있어 주사 전에 안전하고 효과적인 투여를 위해 주사용수나 생리식염수 등의 용매에 희석이 필요합니다. \n이 과정은 약물의 안정성 유지와 정맥 또는 근육 주사 시 주사 부위의 자극을 줄이고, 투여 속도를 조절하여 부작용을 최소화하는 데 중요합니다. 특히 고용량 투여 시에는 희석을 통해 천천히 점적 주사함으로써 약물 농도를 조절하고, 혈관 내 자극을 방지합니다."
Scenario1,8,"적합, 약물의 유효기간은 정상입니다.","적합, 약물의 유효기간은 정상입니다.",유효기간이 지난 약물은 효과 저하나 안전성 문제를 야기할 수 있으므로 반드시 확인해야 합니다.
Scenario1,8,부적합. 약물의 유효기간이 만료되었습니다.,"적합, 약물의 유효기간은 정상입니다.","""약물의 유효기간이 지난 경우 제조사에서 보증하는 품질과 효능 유지 기간을 초과한 것으로, 약효가 감소하거나 변질되어 안전성과 효과가 보장되지 않으므로 투약이 금지됩니다. 따라서 환아에게 위해를 미칠 위험을 방지하기 위해 반드시 유효기간을 확인하고, 만료된 약물은 사용하지 않아야 합니다."""
Scenario1,8,부적합. 약물의 유효기간이 만료되었습니다.,부적합. 약물의 유효기간이 만료되었습니다.,유효기간이 지난 약물은 효과 저하나 안전성 문제를 야기할 수 있으므로 반드시 확인해야 합니다.
Scenario1,8,"적합, 약물의 유효기간은 정상입니다.",부적합. 약물의 유효기간이 만료되었습니다.,"""약물의 유효기간이 지난 경우 제조사에서 보증하는 품질과 효능 유지 기간을 초과한 것으로, 약효가 감소하거나 변질되어 안전성과 효과가 보장되지 않으므로 투약이 금지됩니다. 따라서 환아에게 위해를 미칠 위험을 방지하기 위해 반드시 유효기간을 확인하고, 만료된 약물은 사용하지 않아야 합니다."""
Scenario1,9,"적합, 용기가 개봉되지 않고 밀봉이 되어있으며 이상 여부 없습니다.","적합, 용기가 개봉되지 않고 밀봉이 되어있으며 이상 여부 없습니다.","적합, 용기가 개봉되지 않고 밀봉이 되어있으며 이상 여부 없습니다. 용기가 개봉되지 않고 밀봉되어 있으며 이상이 없습니다. 이 확인은 약물이 안전하게 보관되고 투여 준비가 완료된 상태임을 검증하는 절차로, 환아 안전을 확보하는 데 매우 중요한 과정입니다"
Scenario1,9,"부적합, 바이알에 균열(crack)이나 파손이 있습니다.","부적합, 바이알에 균열(crack)이나 파손이 있습니다.","적합, 용기가 개봉되지 않고 밀봉이 되어있으며 이상 여부 없습니다. 용기가 개봉되지 않고 밀봉되어 있으며 이상이 없습니다. 이 확인은 약물이 안전하게 보관되고 투여 준비가 완료된 상태임을 검증하는 절차로, 환아 안전을 확보하는 데 매우 중요한 과정입니다"
Scenario1,9,"부적합, 용기 표면이나 라벨이 오염 또는 훼손되어 있습니다.","부적합, 용기 표면이나 라벨이 오염 또는 훼손되어 있습니다.","적합, 용기가 개봉되지 않고 밀봉이 되어있으며 이상 여부 없습니다. 용기가 개봉되지 않고 밀봉되어 있으며 이상이 없습니다. 이 확인은 약물이 안전하게 보관되고 투여 준비가 완료된 상태임을 검증하는 절차로, 환아 안전을 확보하는 데 매우 중요한 과정입니다"
Scenario1,9,"부적합, 용기가 개봉돼었습니다.","부적합, 용기가 개봉돼었습니다.","적합, 용기가 개봉되지 않고 밀봉이 되어있으며 이상 여부 없습니다. 용기가 개봉되지 않고 밀봉되어 있으며 이상이 없습니다. 이 확인은 약물이 안전하게 보관되고 투여 준비가 완료된 상태임을 검증하는 절차로, 환아 안전을 확보하는 데 매우 중요한 과정입니다"
Scenario1,9,부적합. 약물의 유효기간이 만료되었습니다.,부적합. 약물의 유효기간이 만료되었습니다.,"적합, 용기가 개봉되지 않고 밀봉이 되어있으며 이상 여부 없습니다. 용기가 개봉되지 않고 밀봉되어 있으며 이상이 없습니다. 이 확인은 약물이 안전하게 보관되고 투여 준비가 완료된 상태임을 검증하는 절차로, 환아 안전을 확보하는 데 매우 중요한 과정입니다"
Scenario1,9,d,d,"“약물 및 용기의 이상 유무를 다시 확인하세요.“ 약물과 용기의 이상 유무를 확인하는 절차로, 용기가 밀봉되고 균열, 변색, 침전물이 없으면 약물이 안전하게 보관되어 안전한 투약이 가능합니다. 이러한 점검은 약물 무결성과 환아 안전을 확보하는 데 필수적입니다."
Scenario1,10,460mg,460mg,"1회 투여량(mg) = 체중(kg) x 1회 용량(mg/kg), 9.2kg x 50mg/kg = 460mg. ""dose"" 단위를 확인하는 것이 중요하며, ""q8hr""은 8시간마다 반복 투여한다는 의미이지만 1회 용량계산에는 직접 영향을 주지 않습니다"
Scenario1,10,d,d,"“계산 오류가 발생했습니다. 다시 확인해 보세요.” 1회 투여량(mg) = 체중(kg) x 1회 용량(mg / kg), 9.2kg x 50mg / kg = 460mg. ""dose"" 단위를 확인하는 것이 중요하며, ""q8hr""은 8시간마다 반복 투여한다는 의미이지만 1회 용량계산에는 직접 영향을 주지 않습니다"
Scenario1,11,0.9% 생리식염수 Normal saline(Sodium Chloride 0.9%),0.9% 생리식염수 Normal saline(Sodium Chloride 0.9%),"Cefotaxime은 주사용 분말형태이므로 투여 전에 반드시 적절한 용액에 희석해야 하며, 0.9% 생리식염수는 인체의 체액과 유사한 삼투압을 가지고 있어 약물의 안정성을 유지하고 혈관 자극을 최소화하는 데 효과적입니다. "
Scenario1,11,d,d,“선택하신 용액은 Cefotaxime의 권장 희석 용액이 아닙니다.”
Scenario1,12,1.84ml,1.84ml,"1.84ml (직접계산), 먼저, 희석된 용액의 농도 계산합니다. Cefotaxime 500mg을 2ml의 생리식염수에 희석함. 농도 = 총 약물 용량(mg) / 전체 용액 부피(ml). 농도 = 500mg / 2ml = 250mg/ml"
Scenario1,12,d,d,"“희석 후 1회 주입 용량이 잘못 계산 되었습니다.” 다음 처방된 투여 용량을 기준으로 주입 용량(부피) 계산합니다. 주입 용량(ml) = 투여 용량(mg) / 농도(mg / ml). 투여해야 하는 약물 용량이 460mg일 때. 주입 용량 = 460mg / 250mg/ml = 1.84ml. 따라서, 500mg을 2ml로 희석한 상태에서 460mg을 투여하려면 약 1.84ml를 주입하면 됩니다."
Scenario1,13,[1번 : 손 소독제] -> [2번 : 손바닥] -> [3번 : 손등] -> [4번 : 손깍지] -> [5번 : 손가락] -> [6번 : 엄지손가락] -> [7번 : 손톱 밑],[1번 : 손 소독제] -> [2번 : 손바닥] -> [3번 : 손등] -> [4번 : 손깍지] -> [5번 : 손가락] -> [6번 : 엄지손가락] -> [7번 : 손톱 밑],"\n투약 준비 전 감염 예방을 위한 올바른 손 씻기 6단계는 다음과 같습니다:\n\n1) 손바닥과 손바닥을 서로 마주 대고 문질러 줍니다.\n2) 손등과 손바닥을 마주 대고 문질러 줍니다.\n3) 손바닥을 마주 잡고 손깍지를 낀 상태로 문질러 줍니다.\n4) 손가락을 마주 잡고 서로 문질러 줍니다.\n5) 엄지손가락을 다른 손바닥으로 돌려주며 문질러 줍니다.\n6) 손톱 밑까지 깨끗하게 문질러 줍니다.\n이 과정은 흐르는 물과 비누를 사용하며, 최소 30초 이상 실시하는 것이 중요합니다.\n손 구석구석, 특히 손가락 사이와 손톱 밑까지 깨끗이 씻는 것이 감염 예방에 효과적입니다."
Scenario1,13,d,d,"\n손 씻기 순서를 지키지 않으면 손 구석구석이 제대로 세정되지 않아 세균이나 바이러스가 남아 감염 예방 효과가 떨어질 수 있으니, 반드시 올바른 순서대로 손을 씻어 주세요.“\n투약 준비 전 감염 예방을 위한 올바른 손 씻기 6단계는 다음과 같습니다: \n\n1) 손바닥과 손바닥을 서로 마주 대고 문질러 줍니다.\n2) 손등과 손바닥을 마주 대고 문질러 줍니다.\n3) 손바닥을 마주 잡고 손깍지를 낀 상태로 문질러 줍니다.\n4) 손가락을 마주 잡고 서로 문질러 줍니다.\n5) 엄지손가락을 다른 손바닥으로 돌려주며 문질러 줍니다.\n6) 손톱 밑까지 깨끗하게 문질러 줍니다.\n이 과정은 흐르는 물과 비누를 사용하며, 최소 30초 이상 실시하는 것이 중요합니다. 손 구석구석, 특히 손가락 사이와 손톱 밑까지 깨끗이 씻는 것이 감염 예방에 효과적입니다."
Scenario1,14,오른쪽 라벨이 올바른 라벨 입니다.,오른쪽 라벨이 올바른 라벨 입니다.,"\n 약물혼합 후 라벨에는 다음과 같은 정보가 포함됩니다.\n-대상자 정보: 환아 이름, 등록번호, 나이\n-약물명: 혼합한 약물의 정확한 명칭\n-사용한 희석제\n-용량/농도: 총 함유량과 1회 투여량\n-투여방법: IV, IM 등 필요한 투여경로\n-투여날짜, 투여시간"
Scenario1,14,d,d,"\n“약물 식별 오류 위험! 라벨링을 다시 확인하세요” 약물혼합 후 라벨에는 다음과 같은 정보가 포함됩니다.\n-대상자 정보: 환아 이름, 등록번호, 나이\n-약물명: 혼합한 약물의 정확한 명칭\n-사용한 희석제\n-용량/농도: 총 함유량과 1회 투여량\n-투여방법: IV, IM 등 필요한 투여경로\n-투여날짜, 투여시간"
Scenario1,16,이하트/239845,이하트/239845,"환아 이름과 등록번호가 정확히 일치합니다. 확인이 완료되었으며, 안전한 투약을 진행하시기 바랍니다. 정확한 환자 확인은 5Rights [정확한 환자(Right Patient), 정확한 약물 (Right Drug), 정확한 용량 (Right Dose), 정확한 투여 경로 (Right Route), 정확한 시간 (Right Time)] 중 하나로, 안전하고 효과적인 투약을 위해 반드시 지켜져야 하는 기본 원칙입니다."
Scenario1,16,d,d,"\n[이하트 이름 등록번호 확인]\n환아 이름 또는 등록번호가 일치하지 않습니다. 다시 확인해 주시기 바랍니다. 정확한 환자 확인은 5Rights [정확한 환자(Right Patient), 정확한 약물 (Right Drug), 정확한 용량 (Right Dose), 정확한 투여 경로 (Right Route), 정확한 시간 (Right Time)] 중 하나로, 안전하고 효과적인 투약을 위해 반드시 지켜져야 하는 기본 원칙입니다."
Scenario1,18,[1번 : 손 소독제] -> [2번 : 손바닥] -> [3번 : 손등] -> [4번 : 손깍지] -> [5번 : 손가락] -> [6번 : 엄지손가락] -> [7번 : 손톱 밑],[1번 : 손 소독제] -> [2번 : 손바닥] -> [3번 : 손등] -> [4번 : 손깍지] -> [5번 : 손가락] -> [6번 : 엄지손가락] -> [7번 : 손톱 밑],"\n투약 준비 전 감염 예방을 위한 올바른 손 씻기 6단계는 다음과 같습니다:\n\n1) 손바닥과 손바닥을 서로 마주 대고 문질러 줍니다.\n2) 손등과 손바닥을 마주 대고 문질러 줍니다.\n3) 손바닥을 마주 잡고 손깍지를 낀 상태로 문질러 줍니다.\n4) 손가락을 마주 잡고 서로 문질러 줍니다.\n5) 엄지손가락을 다른 손바닥으로 돌려주며 문질러 줍니다.\n6) 손톱 밑까지 깨끗하게 문질러 줍니다.\n이 과정은 흐르는 물과 비누를 사용하며, 최소 30초 이상 실시하는 것이 중요합니다.\n손 구석구석, 특히 손가락 사이와 손톱 밑까지 깨끗이 씻는 것이 감염 예방에 효과적입니다."
Scenario1,18,d,d,"\n손 씻기 순서를 지키지 않으면 손 구석구석이 제대로 세정되지 않아 세균이나 바이러스가 남아 감염 예방 효과가 떨어질 수 있으니, 반드시 올바른 순서대로 손을 씻어 주세요.“\n투약 준비 전 감염 예방을 위한 올바른 손 씻기 6단계는 다음과 같습니다: \n\n1) 손바닥과 손바닥을 서로 마주 대고 문질러 줍니다.\n2) 손등과 손바닥을 마주 대고 문질러 줍니다.\n3) 손바닥을 마주 잡고 손깍지를 낀 상태로 문질러 줍니다.\n4) 손가락을 마주 잡고 서로 문질러 줍니다.\n5) 엄지손가락을 다른 손바닥으로 돌려주며 문질러 줍니다.\n6) 손톱 밑까지 깨끗하게 문질러 줍니다.\n이 과정은 흐르는 물과 비누를 사용하며, 최소 30초 이상 실시하는 것이 중요합니다. 손 구석구석, 특히 손가락 사이와 손톱 밑까지 깨끗이 씻는 것이 감염 예방에 효과적입니다."
Scenario1,19,"정상, 약물 주입 진행","정상, 약물 주입 진행",투약 전 이상 반응 여부를 꼼꼼히 확인하는 것은 환자 안전을 위한 필수 절차입니다.
Scenario1,19,"비정상, IV route 교체 필요","비정상, IV route 교체 필요",투약 전 이상 반응 여부를 꼼꼼히 확인하는 것은 환자 안전을 위한 필수 절차입니다.
Scenario1,19,d,d,"주사 부위에 이상 반응이 있으면 즉시 주입을 중단하고 담당자에게 보고해야 하며, 필요 시 IV 경로를 재삽입해야 합니다"
Scenario1,21,"정상, 이상반응 없음","정상, 이상반응 없음","미세한 이상 신호가 있을 수 있으니, 투여 중 환자 상태를 계속 관찰하고 이상 반응 시 즉시 조치해야 합니다. 꼼꼼한 피부 확인이 안전한 투약의 기본입니다."
Scenario1,21,"비정상, 이상 반응 발생","비정상, 이상 반응 발생","미세한 이상 신호가 있을 수 있으니, 투여 중 환자 상태를 계속 관찰하고 이상 반응 시 즉시 조치해야 합니다. 꼼꼼한 피부 확인이 안전한 투약의 기본입니다."
Scenario1,21,d,d,"“약물 투여 후 이상반응 확인이 필요합니다. 피부상태를 확인하세요.“ 신속한 재평가와 즉각적인 조치가 필요합니다. 이상반응을 정확히 인지하지 못하면 환아에게 심각한 위험이 초래될 수 있으므로, 의심되는 모든 증상에 대해 주의 깊게 관찰하고 적절히 대응해야 합니다."
Scenario1,22,주입 지속,주입 지속,"현재 이상 반응이 발생하지 않아 주입을 계속 진행해도 안전합니다. 주사 부위 피부 상태를 확인하면 감염이나 손상 여부를 알 수 있어 안전한 투약이 가능하며, 이상이 있는 부위는 피해야 합병증을 예방할 수 있습니다."
Scenario1,22,"주입 중단, 보고","주입 중단, 보고",부작용 발생 시 즉시 주입을 중단하고 담당자에게 보고하는 것은 환자 안전을 위한 필수 조치입니다. 이를 통해 이상 반응에 신속히 대응하고 추가 피해를 예방할 수 있습니다.
Scenario1,22,d,d,"”약물 투여 후 이상 반응이 발생한 경우 약물 투약을 일시 중단하고, 담당의에게 즉시 보고가 수행되어야 합니다.” 주입을 계속하면 약물이 주변 조직으로 유출되어 조직 손상, 괴사, 심각한 알레르기 반응과 같은 합병증을 일으킬 위험이 있습니다. 따라서 이상 징후가 나타나면 즉시 주입을 중단하고 담당 의사에게 알리는 것이 환자 안전을 위한 필수 조치입니다."
Scenario1,1101,300mg,300mg,"1회 투여량(mg) = 체중(kg) x 1회 용량(mg / kg)\n7.5kg x 40mg / kg = 300mg\n따라서 처방된 약물의 1회 투여량은 300mg입니다.\n""dose"" 단위를 확인하는 것이 중요하며, ""q 6hr""은 6시간마다 반복 투여한다는 의미이지만 1회 용량계산에는 직접 영향을 주지 않습니다."
Scenario1,1101,d,d,"1회 투여량(mg) = 체중(kg) x 1회 용량(mg / kg)\n7.5kg x 40mg / kg = 300mg\n따라서 처방된 약물의 1회 투여량은 300mg입니다.\n""dose"" 단위를 확인하는 것이 중요하며, ""q 6hr""은 6시간마다 반복 투여한다는 의미이지만 1회 용량계산에는 직접 영향을 주지 않습니다."
Scenario1,1102,307.5mg,307.5mg,"1회 투여량(mg) = 체중(kg) x 1회 용량(mg / kg)\n12.3kg x 25mg / kg = 307.5mg\n따라서 처방된 약물의 1회 투여량은 307.5mg입니다.\n""dose"" 단위를 확인하는 것이 중요하며, ""q 12hr""은 12시간마다 반복 투여한다는 의미이지만 1회 용량계산에는 직접 영향을 주지 않습니다."
Scenario1,1102,d,d,"1회 투여량(mg) = 체중(kg) x 1회 용량(mg / kg)\n12.3kg x 25mg / kg = 307.5mg\n따라서 처방된 약물의 1회 투여량은 307.5mg입니다.\n""dose"" 단위를 확인하는 것이 중요하며, ""q 12hr""은 12시간마다 반복 투여한다는 의미이지만 1회 용량계산에는 직접 영향을 주지 않습니다."
Scenario1,1103,348mg,348mg,"1회 투여량(mg) = 체중(kg) x 1회 용량(mg / kg)\n5.8kg x 60mg / kg = 348mg\n따라서 처방된 약물의 1회 투여량은 348mg입니다.\n""dose"" 단위를 확인하는 것이 중요하며, ""하루 3회 투여""는 투여 빈도를 나타내는 것으로 1회 용량 계산에는 직접 영향을 주지 않습니다."
Scenario1,1103,d,d,"1회 투여량(mg) = 체중(kg) x 1회 용량(mg / kg)\n5.8kg x 60mg / kg = 348mg\n따라서 처방된 약물의 1회 투여량은 348mg입니다.\n""dose"" 단위를 확인하는 것이 중요하며, ""하루 3회 투여""는 투여 빈도를 나타내는 것으로 1회 용량 계산에는 직접 영향을 주지 않습니다."
Scenario1,1121,9ml,9ml,"""1단계: 1회 투여량 계산, 1회 투여량(mg) = 체중(kg) x 1회 용량(mg / kg)\n6kg x 75mg / kg = 450mg\n2단계: 희석 후 농도 계산, 약물량: 0.5g = 500mg, 희석액량: 10ml\n희석 후 농도 = 500mg ÷ 10ml = 50mg / ml\n3단계: 주입할 용량 계산\n주입할 용량 (ml) = 필요한 약물용량(mg) ÷ 약물농도(mg / ml)\n450mg ÷ 50mg / ml = 9ml\n\n따라서 체중 6kg 환아에게 75mg / kg / dose를 투여하기 위해서는 희석된 용액 중 9ml를 주입해야 합니다. \""q 8hr\""은 8시간마다 반복 투여한다는 의미이지만 1회 용량 계산에는 직접 영향을 주지 않습니다"""
Scenario1,1121,d,d,"""1단계: 1회 투여량 계산, 1회 투여량(mg) = 체중(kg) x 1회 용량(mg / kg)\n6kg x 75mg / kg = 450mg\n2단계: 희석 후 농도 계산, 약물량: 0.5g = 500mg, 희석액량: 10ml\n희석 후 농도 = 500mg ÷ 10ml = 50mg / ml\n3단계: 주입할 용량 계산\n주입할 용량 (ml) = 필요한 약물용량(mg) ÷ 약물농도(mg / ml)\n450mg ÷ 50mg / ml = 9ml\n\n따라서 체중 6kg 환아에게 75mg / kg / dose를 투여하기 위해서는 희석된 용액 중 9ml를 주입해야 합니다. \""q 8hr\""은 8시간마다 반복 투여한다는 의미이지만 1회 용량 계산에는 직접 영향을 주지 않습니다"""
Scenario1,1122,4.8ml,4.8ml,"""1단계: 필요한 약물 용량 계산, 1회 투여량(mg) = 체중(kg) x 1회 용량(mg / kg)\n12kg x 40mg / kg = 480mg\n2단계: 희석 후 농도 계산\n약물량: 1g = 1000mg, 희석액량: 10ml\n 희석 후 농도 = 1000mg ÷ 10ml = 100mg / ml\n3단계: 주입할 용량 계산\n주입할 용량(ml) = 필요한 약물용량(mg) ÷ 약물농도 (mg / ml)\n480mg  ÷ 100mg / ml = 4.8ml\n\n따라서 체중 12kg 환아에게 40mg / kg / dose를 투여하기 위해서는 희석된 용액 중 4.8ml를 주입해야 합니다."""
Scenario1,1122,d,d,"""1단계: 필요한 약물 용량 계산, 1회 투여량(mg) = 체중(kg) x 1회 용량(mg / kg)\n12kg x 40mg / kg = 480mg\n2단계: 희석 후 농도 계산\n약물량: 1g = 1000mg, 희석액량: 10ml\n 희석 후 농도 = 1000mg ÷ 10ml = 100mg / ml\n3단계: 주입할 용량 계산\n주입할 용량(ml) = 필요한 약물용량(mg) ÷ 약물농도 (mg / ml)\n480mg  ÷ 100mg / ml = 4.8ml\n\n따라서 체중 12kg 환아에게 40mg / kg / dose를 투여하기 위해서는 희석된 용액 중 4.8ml를 주입해야 합니다."""
Scenario1,1123,3.5ml,3.5ml,"""1단계: 1일 총 투여량 계산, 1일 총 투여량(mg) = 체중(kg) x 1일 용량(mg / kg)\n 3.5kg x 150mg / kg = 525mg / day\n2단계: 희석 후 농도 계산, 약물량: 750mg, 희석액량: 5ml\n희석 후 농도 = 750mg ÷ 5ml = 150mg / ml\n3단계: 1일 총 주입 용량 계산\n주입할 용량(ml) = 필요한 약물용량(mg) ÷ 농도(mg / ml)\n525mg ÷ 150mg/ml = 3.5ml\n\n따라서 체중 3.5kg 환아에게 150mg / kg / day를 투여하기 위해서는 하루에 총 3.5ml를 주입해야 합니다."""
Scenario1,1123,d,d,"""1단계: 1일 총 투여량 계산, 1일 총 투여량(mg) = 체중(kg) x 1일 용량(mg / kg)\n 3.5kg x 150mg / kg = 525mg / day\n2단계: 희석 후 농도 계산, 약물량: 750mg, 희석액량: 5ml\n희석 후 농도 = 750mg ÷ 5ml = 150mg / ml\n3단계: 1일 총 주입 용량 계산\n주입할 용량(ml) = 필요한 약물용량(mg) ÷ 농도(mg / ml)\n525mg ÷ 150mg/ml = 3.5ml\n\n따라서 체중 3.5kg 환아에게 150mg / kg / day를 투여하기 위해서는 하루에 총 3.5ml를 주입해야 합니다."""
Scenario2,1,Celebyx 150mg amp,Celebyx 150mg amp,"“Celebyx 150mg amp는 응급상황(특히 뇌전증중첩증)에서 빠른 혈중 농도 도달을 목표로 IV(정맥주사)로 투여되는 항경련제이며, 비응급 상황에서는 IM(근육주사)로도 투여가 가능합니다.”"
Scenario2,1,Dilantin 250mg vial,Celebyx 150mg amp,"Dilantin 250mg은 주성분은 페니토인(Phenytoin)으로, 급성 경련/간질중첩증에 IV 또는 IM으로 투여하는 항경련제이나, 현재 처방된 약물이 아닙니다."
Scenario2,1,Ativan 4mg amp,Celebyx 150mg amp,"Ativan 4mg amp(성분명: Lorazepam)는 불안, 긴장, 우울 등 신경증 치료 또는 간질 지속상태에 사용되는 벤조디아제핀 계열 진정제입니다."
Scenario2,1,Diazepam 10mg amp,Celebyx 150mg amp,"Diazepam 10mg amp는 급성 불안, 경련 등에서 사용되는 진정·항불안제입니다."
Scenario2,1,Midazolam 5mg amp,Celebyx 150mg amp,"Midazolam 5mg amp는 단기간 작용하는 벤조디아제핀계 진정제로, 수술 전후 진정, 발작 중재, 불안 완화에 사용됩니다."
Scenario2,1,Luminal 100mg amp,Celebyx 150mg amp,"Luminal 100mg amp는 바르비투르산계 항경련제로 IV/IM 투여 가능하나, 현재 처방된 약물이 아닙니다."
Scenario2,1,Keppra 500mg vial,Celebyx 150mg amp,"Keppra 500mg vial은 레비티라세탐 성분 항경련제로 IV로 사용되지만, 현재 처방된 약물이 아닙니다."
Scenario2,1,Tegretol syrup,Celebyx 150mg amp,"Tegretol syrup은  카르바마제핀 경구 시럽제, 부분발작 및 삼차신경통 치료에 사용하며 정맥 투여 약물이 아닙니다."
Scenario2,1,Keppra oral soln 100mg,Celebyx 150mg amp,Keppra oral soln 100mg은  레비티라세탐 경구용 액제로 소아·성인 경련 치료에 사용하지만 정맥 투여 약물은 아닙니다.
Scenario2,1,Phenobarbital Tab 30mg,Celebyx 150mg amp,Phenobarbital Tab 30mg은 바르비투르산계 약물로 간질 및 기타 경련의 유지 치료에 경구 투여합니다. 하지만 정맥으로 투여될 약물이 아닙니다
Scenario2,2,1kg 당 20mg 투여,1kg 당 20mg 투여,"“1kg 당 20mg 투여“ Celebyx 20mg / kg / dose""는 체중 1kg당 Celebyx 20mg을 1회 투여하는 용량을 의미합니다."
Scenario2,2,1kg 당 20mg 하루 12시간 동안 투여,1kg 당 20mg 투여,1kg 당 20mg 하루 12시간 동안 투여 : 체중 1kg당 20mg 용량을 12시간 동안 투여한다는 의미입니다.
Scenario2,2,1kg 당 4mg 투여,1kg 당 20mg 투여,1kg 당 4mg 투여: 체중 1kg당 4mg을 1회 투여한다는 의미입니다.
Scenario2,2,1kg 당 150mg 투여,1kg 당 20mg 투여,"1kg 당 150mg 투여: 체중 1kg당 150mg을 1회 투여한다는 의미인데, 이 용량은 매우 높아 처방을 정확히 확인해야 합니다."
Scenario2,2,1kg 당 120mg 12시간 후에 투여,1kg 당 20mg 투여,1kg 당 20mg 12시간 후에 투여: 체중 1kg당 20mg을 첫 투여 이후 12시간 간격으로 추가 투여한다는 뜻입니다.
Scenario2,2,1회 4mg 하루 12시간 간격 투여,1kg 당 20mg 투여,"1회  4mg 하루 12시간 간격 투여: 1회 용량이 4mg이며, 12시간 간격으로 투여한다는 의미입니다."
Scenario2,2,1회 20mg 하루 12시간 동안 투여,1kg 당 20mg 투여,1회 20mg 하루 12시간 동안 투여: 1회 20mg을 12시간 간격으로 지속 투여한다는 뜻입니다.
Scenario2,2,1회 150mg 하루 12시간 간격 투여,1kg 당 20mg 투여,1회 150mg 하루 12시간 간격 투여: 1회 150mg 용량을 12시간 간격으로 투여한다는 뜻입니다.
Scenario2,2,1회 20mg 투여,1kg 당 20mg 투여,1회 20mg 투여: 한 번에 15mg을 투여한다는 의미입니다.
Scenario2,2,1회 4mg 투여,1kg 당 20mg 투여,1회 4mg 투여: 한 번에 4mg을 투여한다는 의미입니다.
Scenario2,3,9pm,9pm,"\n부하용량의 투여가 9AM에 투여되었으므로 유지용량(maintenance dose)은 ""loading 후 q12hr"" 처방에 따라 9PM에 투여됩니다. \n5Rights [정확한 환자(Right Patient), 정확한 약물 (Right Drug), 정확한 용량 (Right Dose), 정확한 투여  경로 (Right Route), 정확한 시간 (Right Time)] 중 하나로, 안전하고 효과적인 투약을 위해 반드시 지켜  져야 하는 기본 원칙입니다."
Scenario2,3,d,9pm,"\n부하용량의 투여가 9AM에 투여되었으므로 유지용량(maintenance dose)은 ""loading 후 q12hr"" 처방에 따라 9PM에 투여됩니다. \n5Rights [정확한 환자(Right Patient), 정확한 약물 (Right Drug), 정확한 용량 (Right Dose), 정확한 투여  경로 (Right Route), 정확한 시간 (Right Time)] 중 하나로, 안전하고 효과적인 투약을 위해 반드시 지켜  져야 하는 기본 원칙입니다."
Scenario2,3,d,d,"\n부하용량의 투여가 9AM에 투여되었으므로 유지용량(maintenance dose)은 ""loading 후 q12hr"" 처방에 따라 9PM에 투여됩니다. \n5Rights [정확한 환자(Right Patient), 정확한 약물 (Right Drug), 정확한 용량 (Right Dose), 정확한 투여  경로 (Right Route), 정확한 시간 (Right Time)] 중 하나로, 안전하고 효과적인 투약을 위해 반드시 지켜  져야 하는 기본 원칙입니다."
Scenario2,4,포스페니토인 나트륨 (Fosphenytoin Sodium),포스페니토인 나트륨 (Fosphenytoin Sodium),포스페니토인 나트륨(Fosphenytoin sodium)은 응급 뇌전증 발작 치료에 사용되는 정맥 또는 근육주사형 항경련제입니다.
Scenario2,4,페니토인나트륨 (Phenytoin sodium),포스페니토인 나트륨 (Fosphenytoin Sodium),"Phenytoin sodium (페니토인 나트륨): 만성 및 급성 발작 치료에 사용되며, 경구 또는 주사로 투여 가능하지만 본 약물의 성분과 다릅니다."
Scenario2,4,로라제팜 (Lorazepam),포스페니토인 나트륨 (Fosphenytoin Sodium),"Lorazepam (로라제팜):  벤조디아제핀계 진정제/항경련제, 급성 경련 및 불안 치료에 활용되나 본 약물과는 관련 없습니다."
Scenario2,4,디아제팜 (Diazepam),포스페니토인 나트륨 (Fosphenytoin Sodium),"Diazepam (디아제팜): 벤조디아제핀 계열의 진정제 및 항경련제로, 빠른 경련 중재와 근육이완에 사용됩니다. 하지만 본 약물과는 성분이 다릅니다."
Scenario2,4,미다졸람 (Midazolam),포스페니토인 나트륨 (Fosphenytoin Sodium),"Midazolam (미다졸람):  진정·항경련제, 수술 전후 불안 완화 및 발작 치료에 사용되지만 본 약물과는 성분이 다릅니다."
Scenario2,4,페노바르비탈 (Phenobarbital),포스페니토인 나트륨 (Fosphenytoin Sodium),"Phenobarbital (페노바르비탈):  바르비투르산계 항경련제, 경구 및 주사 투여 가능하나 본 약물 성분이 아닙니다."
Scenario2,4,레베티라제탐 (Levetiracetam),포스페니토인 나트륨 (Fosphenytoin Sodium),"Levetiracetam (레베티라세탐): 다양한 경련의 치료에 사용되는 항경련제이나, 본 약물과 성분이 다릅니다."
Scenario2,4,라코사미드 (Lacosamide),포스페니토인 나트륨 (Fosphenytoin Sodium),"Lacosamide (라코사미드):  부분발작 치료에 쓰이는 항경련제, 주사·경구로 투여 가능하나 본 약물의 성분이 아닙니다."
Scenario2,5,예 반드시 희석 후 투여해야 합니다.,예 반드시 희석 후 투여해야 합니다.,"Celebyx는 약물의 혈관 자극 및 조직 손상 방지, 적정 농도 유지와 약물의 안전성, 정확한 용량 및 주입 속도 조절을 위해 정맥주사 전에 생리식염수 또는 5% 포도당주사액에 희석하여 주입하는 것이 필수적입니다 "
Scenario2,5,"아니오, 희석 없이 바로 투여한다.",예 반드시 희석 후 투여해야 합니다.,"Celebyx는 반드시 희석 후 투여해야 합니다. 희석하지 않으면 혈관 자극과 조직 손상을 유발할 수 있으며, 적정 농도 유지가 어렵고 정확한 주입 속도 조절이 불가능합니다. 생리식염수 또는 5% 포도당주사액으로 희석하여 안전하게 투여해야 합니다."
Scenario2,6,"적합, 약물의 유효기간은 정상입니다.","적합, 약물의 유효기간은 정상입니다.",유효기간이 지난 약물은 효과 저하나 안전성 문제를 야기할 수 있으므로 반드시 확인해야 합니다.
Scenario2,6,부적합. 약물의 유효기간이 만료되었습니다.,"적합, 약물의 유효기간은 정상입니다.","""약물의 유효기간이 지난 경우 제조사에서 보증하는 품질과 효능 유지 기간을 초과한 것으로, 약효가 감소하거나 변질되어 안전성과 효과가 보장되지 않으므로 투약이 금지됩니다. 따라서 환아에게 위해를 미칠 위험을 방지하기 위해 반드시 유효기간을 확인하고, 만료된 약물은 사용하지 않아야 합니다."""
Scenario2,6,부적합. 약물의 유효기간이 만료되었습니다.,부적합. 약물의 유효기간이 만료되었습니다.,유효기간이 지난 약물은 효과 저하나 안전성 문제를 야기할 수 있으므로 반드시 확인해야 합니다.
Scenario2,6,d,d,"""약물의 유효기간이 지난 경우 제조사에서 보증하는 품질과 효능 유지 기간을 초과한 것으로, 약효가 감소하거나 변질되어 안전성과 효과가 보장되지 않으므로 투약이 금지됩니다. 따라서 환아에게 위해를 미칠 위험을 방지하기 위해 반드시 유효기간을 확인하고, 만료된 약물은 사용하지 않아야 합니다."""
Scenario2,7,"적합, 용기가 개봉되지 않고 밀봉이 되어있으며 이상 여부 없습니다.","적합, 용기가 개봉되지 않고 밀봉이 되어있으며 이상 여부 없습니다.","적합합니다. 용기가 개봉되지 않고 밀봉되어 있으며 이상이 없습니다. 이 확인은 약물이 안전하게 보관되고 투여 준비가 완료된 상태임을 검증하는 절차로, 환아 안전을 확보하는 데 매우 중요한 과정입니다"
Scenario2,7,"부적합, 앰플에 미세한 균열(crack)이나 파손이 있습니다.","부적합, 앰플에 미세한 균열(crack)이나 파손이 있습니다.","약물과 용기의 이상 유무를 확인하는 절차로, 용기가 밀봉되고 균열, 변색, 침전물이 없으면 약물이 안전하게 보관되어 안전한 투약이 가능합니다. 이러한 점검은 약물 무결성과 환아 안전을 확보하는 데 필수적입니다."
Scenario2,7,"부적합, 앰플 내에 침전물이나 입자가 보입니다.","부적합, 앰플 내에 침전물이나 입자가 보입니다.","약물과 용기의 이상 유무를 확인하는 절차로, 용기가 밀봉되고 균열, 변색, 침전물이 없으면 약물이 안전하게 보관되어 안전한 투약이 가능합니다. 이러한 점검은 약물 무결성과 환아 안전을 확보하는 데 필수적입니다."
Scenario2,7,"부적합, 앰플 표면의 라벨이 훼손되어 있습니다.","부적합, 앰플 표면의 라벨이 훼손되어 있습니다.","약물과 용기의 이상 유무를 확인하는 절차로, 용기가 밀봉되고 균열, 변색, 침전물이 없으면 약물이 안전하게 보관되어 안전한 투약이 가능합니다. 이러한 점검은 약물 무결성과 환아 안전을 확보하는 데 필수적입니다."
Scenario2,7,"부적합, 앰플의 변색이 관찰됩니다.","부적합, 앰플의 변색이 관찰됩니다.","약물과 용기의 이상 유무를 확인하는 절차로, 용기가 밀봉되고 균열, 변색, 침전물이 없으면 약물이 안전하게 보관되어 안전한 투약이 가능합니다. 이러한 점검은 약물 무결성과 환아 안전을 확보하는 데 필수적입니다."
Scenario2,7,"부적합, 약물의 유효기간이 만료됐습니다.","부적합, 약물의 유효기간이 만료됐습니다.","약물과 용기의 이상 유무를 확인하는 절차로, 용기가 밀봉되고 균열, 변색, 침전물이 없으면 약물이 안전하게 보관되어 안전한 투약이 가능합니다. 이러한 점검은 약물 무결성과 환아 안전을 확보하는 데 필수적입니다."
Scenario2,7,d,d,"약물과 용기의 이상 유무를 확인하는 절차로, 용기가 밀봉되고 균열, 변색, 침전물이 없으면 약물이 안전하게 보관되어 안전한 투약이 가능합니다. 이러한 점검은 약물 무결성과 환아 안전을 확보하는 데 필수적입니다."
Scenario2,8,140mg,140mg,"1. 체중과 투여용량 확인 : 체중: 7kg , 1회 부하용량: 20mg / kg / dose \n2. 1회 투여랑(mg) = 체중(kg) x 부하용량(mg / kg) \n3. 계산하기 : 7kg x 20mg / kg = 140mg \n4. 체중 7kg인 환아에게 1회 투여해야 할 Celebyx 부하용량은 140mg입니다."
Scenario2,8,d,d,"1. 체중과 투여용량 확인 : 체중: 7kg , 1회 부하용량: 20mg / kg / dose \n2. 1회 투여랑(mg) = 체중(kg) x 부하용량(mg / kg) \n3. 계산하기 : 7kg x 20mg / kg = 140mg \n4. 체중 7kg인 환아에게 1회 투여해야 할 Celebyx 부하용량은 140mg입니다."
Scenario2,9,28mg,28mg,"체중 7kg인 환아에게 유지용량 4mg / kg / dose의 q 12hr 처방시, 1회 투여량은 다음과 같이 계산합니다.\n체중(kg)과 1회 용량(mg/kg)를 곱합니다.\n7kg x 4mg / kg = 28mg, 따라서 1회 투여량은 28mg입니다."
Scenario2,9,d,d,"체중 7kg인 환아에게 유지용량 4mg / kg / dose의 q 12hr 처방시, 1회 투여량은 다음과 같이 계산합니다.\n체중(kg)과 1회 용량(mg / kg)를 곱합니다.\n7kg x 4mg / kg = 28mg, 따라서 1회 투여량은 28mg입니다."
Scenario2,10,1.9ml,1.9ml,"1. 체중과 1회 투여용량으로 계산된 부하용량이 140mg입니다.\n2. 약물 농도는 Celebyx 2ml에 150mg으로, 1ml당 75mg / ml입니다.\n3. 용량(ml) = 투여할 부하용량 (mg) ÷ 약물농도 (mg / ml), \n - 용량(ml) = 140mg ÷ 75mg / ml = 1.866... ml, 소수점 첫째 자리까지 반올림하면 1.9ml가 됩니다.\n4. 주사기에 1.9ml의 Celebyx를 담아 준비하면 됩니다."
Scenario2,10,d,d,"1. 체중과 1회 투여용량으로 계산된 부하용량이 140mg입니다.\n2. 약물 농도는 Celebyx 2ml에 150mg으로, 1ml 당 75mg / ml입니다.\n3. 용량(ml) = 투여할 부하용량 (mg) ÷ 약물농도 (mg / ml), \n- 용량(ml) = 140mg ÷ 75mg / ml = 1.866... ml, 소수점 첫째 자리까지 반올림하면 1.9ml가 됩니다.\n4. 주사기에 1.9ml의 Celebyx를 담아 준비하면 됩니다."
Scenario2,11,0.9% 생리식염수 Normal saline(Sodium Chloride 0.9%),0.9% 생리식염수 Normal saline(Sodium Chloride 0.9%),"Celebyx는 원액 직접 주입 시 심한 혈관 자극과 정맥염을 유발하고, 고농도 급속 주입으로 인한 저혈압, 부정맥 등 심각한 심혈관계 부작용이 발생할 수 있습니다"
Scenario2,11,d,d,"선택한 용액은 Celebyx의 권장 희석 용액이 아닙니다. \nCelebyx는 0.9% 생리식염수 또는 5% 포도당주사액으로만 희석 가능합니다. \n부적절한 용액 사용 시 약물 침전, 혈관 자극 증가, 심혈관계 부작용 위험이 높아지므로 반드시 지정된 희석용액만 사용해야 합니다."
Scenario2,12,10ml,10ml,희석할 용액의 용량은 투여할 약물 용량과 약물 농도뿐만 아니라 처방 지침에 따라 정확히 맞춰야 합니다.
Scenario2,12,d,d,Celebyx의 희석용액 용량이 잘못되었습니다. \n처방지침에 따라 희석 용액 용량은 10ml(cc)로 정확히 맞춰야 합니다. \n투여할 약물 용량과 약물 농도뿐만 아니라 처방지침을 다시 한번 확인해 주세요.”
Scenario2,13,23.8ml/hr,23.8ml/hr,이미지를 참고하세요.
Scenario2,13,d,d,“희석된 부하용량 투여를 위한 Syringe pump 주입 시간계산이 올바르지 않습니다.“ \n이미지를 참고하세요.
Scenario2,14,62.3ml/hr,62.3ml/hr,이미지를 참고하세요.
Scenario2,14,d,d,“희석된 유지용량 투여를 위한 Syringe pump 주입 시간계산이 올바르지 않습니다.“ \n이미지를 참고하세요.
Scenario2,15,[1번 : 손바닥] -> [2번 : 손등] -> [3번 : 손깍지] -> [4번 : 손가락] -> [5번 : 엄지손가락] -> [6번 : 손톱 밑],[1번 : 손바닥] -> [2번 : 손등] -> [3번 : 손깍지] -> [4번 : 손가락] -> [5번 : 엄지손가락] -> [6번 : 손톱 밑],"투약 준비 전 감염 예방을 위한 올바른 손 씻기 6단계는 다음과 같습니다:\n1) 손바닥과 손바닥을 서로 마주 대고 문질러 줍니다.\n2) 손등과 손바닥을 마주 대고 문질러 줍니다.\n3) 손바닥을 마주 잡고 손깍지를 낀 상태로 문질러 줍니다.\n4) 손가락을 마주 잡고 서로 문질러 줍니다.\n5) 엄지손가락을 다른 손바닥으로 돌려주며 문질러 줍니다.\n6) 손톱 밑까지 깨끗하게 문질러 줍니다.\n이 과정은 흐르는 물과 비누를 사용하며, 최소 30초 이상 실시하는 것이 중요합니다.\n손 구석구석, 특히 손가락 사이와 손톱 밑까지 깨끗이 씻는 것이 감염 예방에 효과적입니다."
Scenario2,15,d,d,"손 씻기 순서를 지키지 않으면 손 구석구석이 제대로 세정되지 않아 세균이나 바이러스가 남아 감염 예방 효과가 떨어질 수 있으니, 반드시 올바른 순서대로 손을 씻어 주세요.“\n투약 준비 전 감염 예방을 위한 올바른 손 씻기 6단계는 다음과 같습니다: \n1) 손바닥과 손바닥을 서로 마주 대고 문질러 줍니다.\n2) 손등과 손바닥을 마주 대고 문질러 줍니다.\n3) 손바닥을 마주 잡고 손깍지를 낀 상태로 문질러 줍니다.\n4) 손가락을 마주 잡고 서로 문질러 줍니다.\n5) 엄지손가락을 다른 손바닥으로 돌려주며 문질러 줍니다.\n6) 손톱 밑까지 깨끗하게 문질러 줍니다.\n이 과정은 흐르는 물과 비누를 사용하며, 최소 30초 이상 실시하는 것이 중요합니다. 손 구석구석, 특히 손가락 사이와 손톱 밑까지 깨끗이 씻는 것이 감염 예방에 효과적입니다."
Scenario2,16,왼쪽 라벨이 올바른 라벨 입니다.,왼쪽 라벨이 올바른 라벨 입니다.,"약물혼합 후 라벨에는 다음과 같은 정보가 포함됩니다. \n대상자 정보: 환아 이름, 등록번호, 나이 \n약물명: 혼합한 약물의 정확한 명칭 \n사용한 희석제 \n용량 / 농도: 총 함유량과 1회 투여량 \n투여방법: IV, IM 등 필요한 투여경로 \n투여날짜, 투여시간"
Scenario2,16,d,d,"약물혼합 후 라벨에는 다음과 같은 정보가 포함됩니다. \n대상자 정보: 환아 이름, 등록번호, 나이 \n약물명: 혼합한 약물의 정확한 명칭 \n사용한 희석제 \n용량 / 농도: 총 함유량과 1회 투여량 \n투여방법: IV, IM 등 필요한 투여경로 \n투여날짜, 투여시간"
Scenario2,18,최부르/240349,최부르/240349,"환아 이름과 등록번호가 정확히 일치합니다.\n 확인이 완료되었으며, 안전한 투약을 진행하시기 바랍니다. \n정확한 환자 확인은 5Rights [정확한 환자(Right Patient), 정확한 약물 (Right Drug), 정확한 용량 (Right Dose), 정확한 투여 경로 (Right Route), 정확한 시간 (Right Time)] 중 하나로, 안전하고 효과적인 투약을 위해 반드시 지켜져야 하는 기본 원칙입니다."
Scenario2,18,d,d,"환아 이름 또는 등록번호가 일치하지 않습니다. 다시 확인해 주시기 바랍니다. \n정확한 환자 확인은 5Rights [정확한 환자(Right Patient), 정확한 약물 (Right Drug), 정확한 용량 (Right Dose), 정확한 투여 경로 (Right Route), 정확한 시간 (Right Time)] 중 하나로, 안전하고 효과적인 투약을 위해 반드시 지켜져야 하는 기본 원칙입니다."
Scenario2,20,[1번 : 손바닥] -> [2번 : 손등] -> [3번 : 손깍지] -> [4번 : 손가락] -> [5번 : 엄지손가락] -> [6번 : 손톱 밑],[1번 : 손바닥] -> [2번 : 손등] -> [3번 : 손깍지] -> [4번 : 손가락] -> [5번 : 엄지손가락] -> [6번 : 손톱 밑],"투약 준비 전 감염 예방을 위한 올바른 손 씻기 6단계는 다음과 같습니다:\n1) 손바닥과 손바닥을 서로 마주 대고 문질러 줍니다.\n2) 손등과 손바닥을 마주 대고 문질러 줍니다.\n3) 손바닥을 마주 잡고 손깍지를 낀 상태로 문질러 줍니다.\n4) 손가락을 마주 잡고 서로 문질러 줍니다.\n5) 엄지손가락을 다른 손바닥으로 돌려주며 문질러 줍니다.\n6) 손톱 밑까지 깨끗하게 문질러 줍니다.\n이 과정은 흐르는 물과 비누를 사용하며, 최소 30초 이상 실시하는 것이 중요합니다.\n손 구석구석, 특히 손가락 사이와 손톱 밑까지 깨끗이 씻는 것이 감염 예방에 효과적입니다."
Scenario2,20,d,d,"손 씻기 순서를 지키지 않으면 손 구석구석이 제대로 세정되지 않아 세균이나 바이러스가 남아 감염 예방 효과가 떨어질 수 있으니, 반드시 올바른 순서대로 손을 씻어 주세요.“\n투약 준비 전 감염 예방을 위한 올바른 손 씻기 6단계는 다음과 같습니다: \n1) 손바닥과 손바닥을 서로 마주 대고 문질러 줍니다.\n2) 손등과 손바닥을 마주 대고 문질러 줍니다.\n3) 손바닥을 마주 잡고 손깍지를 낀 상태로 문질러 줍니다.\n4) 손가락을 마주 잡고 서로 문질러 줍니다.\n5) 엄지손가락을 다른 손바닥으로 돌려주며 문질러 줍니다.\n6) 손톱 밑까지 깨끗하게 문질러 줍니다.\n이 과정은 흐르는 물과 비누를 사용하며, 최소 30초 이상 실시하는 것이 중요합니다. 손 구석구석, 특히 손가락 사이와 손톱 밑까지 깨끗이 씻는 것이 감염 예방에 효과적입니다."
Scenario2,21,"정상, 약물 주입 진행","정상, 약물 주입 진행",투약 전 이상 반응 여부를 꼼꼼히 확인하는 것은 환자 안전을 위한 필수 절차입니다.
Scenario2,21,"비정상, IV route 교체 필요","비정상, IV route 교체 필요",투약 전 이상 반응 여부를 꼼꼼히 확인하는 것은 환자 안전을 위한 필수 절차입니다.
Scenario2,21,d,d,"주사 부위에 이상 반응이 있으면 즉시 주입을 중단하고 담당자에게 보고해야 하며, 필요 시 IV 경로를 재삽입해야 합니다"
Scenario2,22,28.7ml/hr,28.7ml/hr,"정확하게 주입 속도를 설정하셨습니다. 약물 투여 속도 확인은 환자 안전을 위한 필수 과정이며, 투여 중에도 지속적으로 환아 상태를 관찰해 주세요."
Scenario2,22,d,28.7ml/hr,"주입 시간 설정이 잘못되었습니다. 정확한 주입 속도 설정이 환자 안전에 매우 중요하므로, 정밀한 계산 및 주입속도 설정이 필수적입니다. Syringe pump 기계 버튼의 주입시간 및 소수점 자릿수를 다시 한 번 확인하세요."
Scenario2,22,d,d,"주입 시간 설정이 잘못되었습니다. 정확한 주입 속도 설정이 환자 안전에 매우 중요하므로, 정밀한 계산 및 주입속도 설정이 필수적입니다. Syringe pump 기계 버튼의 주입시간 및 소수점 자릿수를 다시 한 번 확인하세요."
Scenario2,24,"정상, 이상반응 없음","정상, 이상반응 없음","정상 부위라도 미세한 이상 신호가 있을 수 있으니, 투여 중 환자 상태를 계속 관찰하고 이상 반응 시 즉시 조치해야 합니다. 꼼꼼한 피부 확인이 안전한 투약의 기본입니다."
Scenario2,24,"비정상, 이상 반응 발생","비정상, 이상 반응 발생","정상 부위라도 미세한 이상 신호가 있을 수 있으니, 투여 중 환자 상태를 계속 관찰하고 이상 반응 시 즉시 조치해야 합니다. 꼼꼼한 피부 확인이 안전한 투약의 기본입니다."
Scenario2,24,d,d,"신속한 재평가와 즉각적인 조치가 필요합니다. 이상반응을 정확히 인지하지 못하면 환아에게 심각한 위험이 초래될 수 있으므로, 의심되는 모든 증상에 대해 주의 깊게 관찰하고 적절히 대응해야 합니다."
Scenario2,25,주입 지속,주입 지속,현재 이상 반응이 발생하지 않아 주입을 계속 진행해도 안전합니다.
Scenario2,25,"주입 중단, 보고","주입 중단, 보고",부작용 발생 시 즉시 주입을 중단하고 담당자에게 보고하는 것은 환자 안전을 위한 필수 조치입니다. 이를 통해 이상 반응에 신속히 대응하고 추가 피해를 예방할 수 있습니다.
Scenario2,25,d,d,Cerebyx는 고위험 약물로서 이상반응 시 신속한 중단과 적절한 응급처치가 환아 생명과 직결되므로 즉각적인 대응이 필수입니다.
Scenario2,26,Dopamine,Dopamine,"Dopamine은 용량에 따라 다르게 작용하는 심혈관계 약물로, 저용량에서는 혈관을 확장해 혈류를 증가시키고, 중간 용량에서는 심장 수축력을 높이며, 고용량에서는 혈관을 수축시켜 혈압을 올립니다. 주로 저혈압이나 쇼크, 심부전 치료에 사용됩니다."
Scenario2,26,Norepinephrine,Dopamine,"Norepinephrine: 혈관을 강하게 수축시켜 혈압을 높이는 약물로, 주로 저혈압과 쇼크 치료에 사용됩니다. 현재 처방된 약물이 아닙니다."
Scenario2,26,Epinephrine,Dopamine,"Epinephrin: 심장 박동과 혈압을 올리고, 기관지를 확장시키는 응급 약물로 쇼크와 알레르기 반응 치료에 사용   됩니다. 현제 처방된 약물이 아닙니다."
Scenario2,26,Dobutamine,Dopamine,"Dobutamine: 심장 수축력을 높여 심박출량을 증가시키는 약물로, 주로 심부전 치료에 사용됩니다. 현재 처방된  약물이 아닙니다."
Scenario2,26,Vasopressin,Dopamine,"Vasopressin: 혈관을 수축시켜 혈압을 올리는 호르몬으로, 주로 쇼크 등 혈압이 낮은 상태에서 보조 치료제로 사용됩니다. 현재 처방된 약물이 아닙니다."
Scenario2,26,Phenylephrine,Dopamine,"Phenylephrine: 혈관을 수축시켜 혈압을 올리는 약물로, 주로 저혈압 치료에 사용되며 심박수에는 영향을 적게 줍니다. 현재 처방된 약물이 아닙니다."
Scenario2,26,Milrinone,Dopamine,"Milrinone: 심장 수축력을 강화하고 혈관을 확장시켜 심박출량을 증가시키는 약물로, 주로 심부전 치료에 사용됩니다."
Scenario2,27,Dopamine 40mg/mL (200mg/5mL),Dopamine 40mg/mL (200mg/5mL),"투여될 약물은 40 mg / 1mL, 총 함량 200 mg / 5mL 제형입니다."
Scenario2,27,Dopamine 10mg/mL (100mg/10 mL),Dopamine 40mg/mL (200mg/5mL),"현재 투여될 약물의 농도는 Dopamine 40 mg / mL (200 mg / 5mL)입니다. 투여 계산 및 희석 시 혼동이 발생할 수 있으므로, 반드시 투여될 약물의 정확한 농도를 확인하고 이에 맞게 계산해야 합니다."
Scenario2,27,Dopamine 80mg/2mL (40mg/mL),Dopamine 40mg/mL (200mg/5mL),"현재 투여될 약물의 농도는 Dopamine 40 mg / mL (200 mg / 5 mL)입니다. 투여 계산 및 희석 시 혼동이 발생할 수 있으므로, 반드시 투여될 약물의 정확한 농도를 확인하고 이에 맞게 계산해야 합니다."
Scenario2,27,Dopamine 20mg/mL (100mg/5mL),Dopamine 40mg/mL (200mg/5mL),"현재 투여될 약물의 농도는 Dopamine 40 mg / mL (200 mg / 5 mL)입니다. 투여 계산 및 희석 시 혼동이 발생할 수 있으므로, 반드시 투여될 약물의 정확한 농도를 확인하고 이에 맞게 계산해야 합니다."
Scenario2,27,Dopamine 200mg/mL (1mL),Dopamine 40mg/mL (200mg/5mL),"현재 투여될 약물의 농도는 Dopamine 40 mg / mL (200 mg / 5 mL)입니다. 투여 계산 및 희석 시 혼동이 발생할 수 있으므로, 반드시 투여될 약물의 정확한 농도를 확인하고 이에 맞게 계산해야 합니다."
Scenario2,28,예 반드시 희석 후 투여해야 합니다.,예 반드시 희석 후 투여해야 합니다.,"도파민은 혈관과 조직 손상 위험을 줄이고, 혈류 내 농도 조절과 부작용 예방을 위해 희석하여 투여합니다."
Scenario2,28,d,d,"Dopamine은 고농도로 직접 주입 시 혈관 자극과 조직 손상을 유발할 수 있어, 희석하여 주입함으로써 국소 조직의 괴사 위험을 줄이기 위해서입니다. 희석된 용액을 점적 주입함으로써 혈류 내 도파민 농도를 조절하여 안전하게 혈관 수축 및 심장 기능 증진 효과를 얻기 위함이며, 또한 희석하여 주입하면 주입 속도 조절이 용이해 부작용 발생 가능성을 낮출 수 있습니다."
Scenario2,29,0.9% Sodium Chloride,0.9% Sodium Chloride,"도파민을 0.9% Sodium Chloride(생리식염수)로 희석하는 이유는, 생리식염수의 농도가 인체 체액과 같아 삼투압 변화를 일으키지 않기 때문에 혈관 내에 안전하게 투여할 수 있기 때문입니다. 이러한 농도 조절은 혈관 및 조직 손상을 예방하고, 적절한 약물 효과를 유지하는 데 도움이 됩니다."
Scenario2,29,Sodium bicarbonate,0.9% Sodium Chloride,Sodium bicarbonate : Dopamine과 혼합 시 약물의 불안정성을 유발하여 침전이나 분해가 발생할 수 있기 때문에 절대 함께 사용하면 안 됩니다.
Scenario2,29,5% Dextrose (D5W),0.9% Sodium Chloride,5% Dextrose (D5W) : Dopamine과 혼합하여 사용할 수 있는 용액이지만 현재 처방된 희석용액이 아닙니다.
Scenario2,29,Lactated Ringer’s,0.9% Sodium Chloride,Lactated Ringer’s: Dopamine과 혼합하여 사용할 수 있는 용액이지만 현재 처방된 희석용액이 아닙니다.
Scenario2,29,혈액제제,0.9% Sodium Chloride,"혈액제제 : Dopamine과 절대  함께 사용하지 않습니다. 기능적, 안전성 측면 모두에서 금기입니다"
Scenario2,30,원액 1mL(=40mg)를 + N/S 39mL와 혼합 -> 총 40mL (최종 1mg/mL),원액 1mL(=40mg)를 + N/S 39mL와 혼합 -> 총 40mL (최종 1mg/mL),"\n원액 1 mL (= 40 mg)를 + N/S 39 mL와 혼합 → 총 40 mL (최종 1 mg / mL)\n농도 1mg / mL로 표준화되어 이후 mL / hr 계산이 단순화됩니다\n\n기본 원액 농도: 40mg / mL \n\n목표 농도: 1mg / mL\n\n목표 농도에 도달하기 위해 희석할 부피를 계산합니다. 원액 1mL (40mg)를 0.9% Sodium Chloride (N/S) 39mL와 혼합하면 총 40mL가 되어, 최종 농도는 40mg / 40 mL = 1mg / mL가 됩니다"
Scenario2,30,원액 2mL(=80 mg)를 + N/S 18mL와 혼합 -> 총 20mL (최종 4mg/mL),원액 1mL(=40mg)를 + N/S 39mL와 혼합 -> 총 40mL (최종 1mg/mL),\n원액 2 mL (80 mg) + N/S 18 mL = 20 mL \n농도 = 80 mg / 20 mL = 4 mg / mL (목표 1 mg / mL와 다릅니다.)
Scenario2,30,원액 1mL(=40 mg)를 + N/S 9mL와 혼합 -> 총 10mL (최종 4mg/mL),원액 1mL(=40mg)를 + N/S 39mL와 혼합 -> 총 40mL (최종 1mg/mL),\n원액 1 mL (40 mg) + N/S 9 mL = 10 mL \n농도 = 40 mg / 10 mL = 4 mg / mL (목표 1 mg / mL와 다릅니다.)
Scenario2,30,원액 5mL(=200 mg)를 + N/S 45mL와 혼합 -> 총 50mL (최종 4mg/mL),원액 1mL(=40mg)를 + N/S 39mL와 혼합 -> 총 40mL (최종 1mg/mL),\n원액 5 mL (200 mg) + N/S 45 mL = 50 mL \n농도 = 200 mg / 50 mL = 4 mg / mL (목표 1 mg / mL와 다릅니다.)
Scenario2,30,원액 0.5mL(=20 mg)를 + N/S 39.5mL와 혼합 -> 총 40mL (최종 0.5mg/mL),원액 1mL(=40mg)를 + N/S 39mL와 혼합 -> 총 40mL (최종 1mg/mL),\n원액 0.5 mL (20 mg) + N/S 39.5 mL = 40 mL \n농도 = 20 mg / 40 mL = 0.5 mg / mL (목표 1 mg / mL와 다릅니다.)
Scenario2,31,35 mcg/min,35 mcg/min,이미지를 참고하세요.
Scenario2,31,d,d,"”1분당 도파민 필요량 계산이 잘못되었습니다,“ 이미지를 참고하세요."
Scenario2,32,2100 mcg/hr,2100 mcg/hr,이미지를 참고하세요.
Scenario2,32,d,d,"”시간당 mcg 계산이 잘못되었습니다,“ 이미지를 참고하세요."
Scenario2,33,2.1 cc/hr,2.1 cc/hr,이미지를 참고하세요.
Scenario2,33,d,d,"”주입속도 계산이 잘못되었습니다,“ 이미지를 참고하세요."
Scenario2,34,왼쪽 라벨이 올바른 라벨 입니다.,왼쪽 라벨이 올바른 라벨 입니다.,"투약 라벨에는 다음과 같은 정보가 포함됩니다.\n-대상자 정보: 환아 이름, 등록번호, 나이\n-약물명: 혼합한 약물의 정확한 명칭\n-사용한 희석제\n-용량 / 농도: 총 함유량과 1회 투여량\n-투여방법: IV, IM 등 필요한 투여경로\n-투여날짜, 투여시간"
Scenario2,34,d,d,"투약 라벨에는 다음과 같은 정보가 포함됩니다.\n-대상자 정보: 환아 이름, 등록번호, 나이\n-약물명: 혼합한 약물의 정확한 명칭\n-사용한 희석제\n-용량 / 농도: 총 함유량과 1회 투여량\n-투여방법: IV, IM 등 필요한 투여경로\n-투여날짜, 투여시간"
Scenario2,35,2.1ml/hr,2.1ml/hr,"정확하게 주입 속도를 설정하셨습니다. 약물 투여 속도 확인은 환자 안전을 위한 필수 과정이며, 투여 중에도 지속적으로 환아 상태를 관찰해 주세요."
Scenario2,35,d,d,"주입 시간 설정이 잘못되었습니다. 정확한 주입 속도 설정이 환자 안전에 매우 중요하므로, 정밀한 계산 및 주입속도 설정이 필수적입니다. Syringe pump 기계 버튼의 주입시간 및 소수점 자릿수를 다시 한 번 확인하세요."
Scenario2,36,혈압 및 심박수,혈압 및 심박수,"도파민은 혈관 수축 및 심장 수축력을 증가시켜 혈압을 올리고 심박수를 조절하는 약물이므로, 이 약물을 투여할 때 혈압과 심박수를 지속적으로 모니터링하여 과도한 혈관 수축이나 심장 부담, 부정맥 발생 여부를 확인하는 것이 필수적입니다. 적절한 혈역학적 상태를 유지하며 부작용을 예방하기 위해서는 혈압과 심박수 감시가 가장 중요합니다 "
Scenario2,36,체온,혈압 및 심박수,"체온 : 도파민 투여와 직접적인 관련이 적고, 체온 변화는 도파민 사용 시 우선 감시 대상이 아닙니다."
Scenario2,36,혈당,혈압 및 심박수,"혈당 : 도파민이 혈당에 영향을 줄 수는 있으나, 급성 투여 상황에서는 혈압과 심박수를 우선 감시합니다."
Scenario2,36,혈색소,혈압 및 심박수,혈중 pH : 산염기 상태는 중요하지만 도파민 투여 시 즉각적 모니터링 대상은 아닙니다.
Scenario2,36,혈중 pH,혈압 및 심박수,"혈색소 : 혈액 내 산소 운반 능력과 관련 있으나, 도파민 투여의 직접적 효과 감시와는 거리가 있습니다."
Scenario2,2081,157.5mg,157.5mg,\n1. 체중과 투여용량 확인\n  - 체중: 10.5 kg\n  - 1회 부하용량: 15mg / kg / dose\n2. 1회투여랑(mg) = 체중(kg) x 부하용량(mg / kg)\n3. 계산하기\n  - 10.5kg x 15mg / kg = 157.5mg\n4. 체중 10.5kg인 환아에게 1회 투여해야 할 Celebyx 부하용량은 157.5mg입니다.
Scenario2,2081,d,d,\n1. 체중과 투여용량 확인\n  - 체중: 10.5kg\n  - 1회 부하용량: 15mg / kg / dose\n2. 1회투여랑(mg) = 체중(kg) x 부하용량(mg / kg)\n3. 계산하기\n  - 10.5kg x 15mg / kg = 157.5mg\n4. 체중 10.5kg인 환아에게 1회 투여해야 할 Celebyx 부하용량은 157.5mg입니다.
Scenario2,2082,248mg,248mg,\n1. 체중과 투여용량 확인\n  - 체중: 12.4kg\n  - 1회 부하용량: 20mg / kg / dose\n2. 1회 투여랑(mg) = 체중(kg) x 부하용량(mg / kg)\n3. 계산하기\n  - 12.4kg x 20mg / kg = 248mg\n4.  체중 12.4kg인 환아에게 1회 투여할 할 약물 총 용량은 248mg입니다.
Scenario2,2082,d,d,\n1. 체중과 투여용량 확인\n  - 체중: 12.4kg\n  - 1회 부하용량: 20mg / kg / dose\n2. 1회 투여랑(mg) = 체중(kg) x 부하용량(mg / kg)\n3. 계산하기\n  - 12.4kg x 20mg / kg = 248mg\n4.  체중 12.4kg인 환아에게 1회 투여할 할 약물 총 용량은 248mg입니다.
Scenario2,2083,192mg,192mg,\n1. 체중과 투여용량 확인\n  - 체중: 9.6kg\n  - 1회 부하용량: 20mg / kg / dose\n2. 1회 투여랑(mg) = 체중(kg) x 부하용량(mg / kg)\n3. 계산하기\n  - 9.6kg x 20mg / kg = 192mg\n4.  체중 9.6kg인 환아에게 1회 투여할 할 약물 총 용량은 192mg입니다.
Scenario2,2083,d,d,\n1. 체중과 투여용량 확인\n  - 체중: 9.6kg\n  - 1회 부하용량: 20mg / kg / dose\n2. 1회 투여랑(mg) = 체중(kg) x 부하용량(mg / kg)\n3. 계산하기\n  - 9.6kg x 20mg / kg = 192mg\n4.  체중 9.6kg인 환아에게 1회 투여할 할 약물 총 용량은 192mg입니다.
Scenario2,2091,43.2mg,43.2mg,\n1. 체중과 투여용량 확인\n  - 체중: 9.6kg\n  - 유지용량: 4.5mg / kg / dose\n2. 1회 투여량(mg) = 체중(kg) x 부하용량(mg / kg)\n3. 계산하기\n  - 9.6kg x 4.5mg / kg = 43.2mg\n4.  체중 9.6kg인 환아에게 1회 투여할 약물 총 용량은 43.2mg입니다.
Scenario2,2091,d,d,\n1. 체중과 투여용량 확인\n  - 체중: 9.6kg\n  - 유지용량: 4.5mg / kg / dose\n2. 1회 투여량(mg) = 체중(kg) x 부하용량(mg / kg)\n3. 계산하기\n  - 9.6kg x 4.5mg / kg = 43.2mg\n4.  체중 9.6kg인 환아에게 1회 투여할 약물 총 용량은 43.2mg입니다.
Scenario2,2092,56mg,56mg,\n1. 체중과 투여용량 확인\n  - 체중: 11.2kg\n  - 유지용량: 5mg / kg / dose\n2. 1회 투여량(mg) = 체중(kg) x 부하용량(mg / kg)\n3. 계산하기\n  - 11.2kg x 5mg / kg = 56mg\n4.  체중 11.2kg인 환아에게 1회 투여할 약물 총 용량은 56mg입니다.
Scenario2,2092,d,d,\n1. 체중과 투여용량 확인\n  - 체중: 11.2kg\n  - 유지용량: 5mg / kg / dose\n2. 1회 투여량(mg) = 체중(kg) x 부하용량(mg / kg)\n3. 계산하기\n  - 11.2kg x 5mg / kg = 56mg\n4.  체중 11.2kg인 환아에게 1회 투여할 약물 총 용량은 56mg입니다.
Scenario2,2093,27.2mg,27.2mg,\n1. 체중과 투여용량 확인\n  - 체중: 6.8kg\n  - 유지용량: 4mg / kg / dose\n2. 1회 투여량(mg) = 체중(kg) x 부하용량(mg / kg)\n3. 계산하기\n  - 6.8kg x 4mg / kg = 27.2mg\n4.  체중 6.8kg인 환아에게 1회 투여할 약물 총 용량은 27.2mg입니다.
Scenario2,2093,d,d,\n1. 체중과 투여용량 확인\n  - 체중: 6.8kg\n  - 유지용량: 4mg / kg / dose\n2. 1회 투여량(mg) = 체중(kg) x 부하용량(mg / kg)\n3. 계산하기\n  - 6.8kg x 4mg / kg = 27.2mg\n4.  체중 6.8kg인 환아에게 1회 투여할 약물 총 용량은 27.2mg입니다.
Scenario2,2101,1.04ml,1.04ml,"\n1. 체중과 1회 투여용량으로 계산된 부하용량이 78mg입니다.\n2. 약물 농도는 Celebyx 2ml에 150mg으로, 1ml당 75mg / ml입니다.\n3. 용량 (ml) = 투여할 부하용량 (mg) ÷ 약물농도 (mg / ml)\n  -용량(ml) = 78mg ÷ 75mg / ml = 1.04ml\n  -소수점 첫째 자리까지 반올림하면 1.04ml가 됩니다.\n4. 주사기에 1.04ml의 Celebyx를 담아 준비하면 됩니다."
Scenario2,2101,d,d,"\n1. 체중과 1회 투여용량으로 계산된 부하용량이 78mg입니다.\n2. 약물 농도는 Celebyx 2ml에 150mg으로, 1ml당 75mg / ml입니다.\n3. 용량 (ml) =  투여할 부하용량 (mg) ÷ 약물농도 (mg / ml)\n4. 용량(ml) = 78mg ÷  75mg / ml = 1.04ml\n  -소수점 첫째 자리까지 반올림하면 1.04ml가 됩니다.\n4. 주사기에 1.04ml의 Celebyx를 담아 준비하면 됩니다."
Scenario2,2102,2.4ml,2.4ml,"\n 1. 체중과 1회 투여용량으로 계산된 부하용량이 180mg입니다.\n2. 약물 농도는 Celebyx 2ml에 150mg으로, 1ml당 75mg / ml입니다.\n3. 용량 (ml) = 투여할 부하용량 (mg) ÷  약물농도 (mg / ml)\n  -용량(ml) = 180mg ÷  75mg / ml = 2.4ml\n4. 주사기에 2.4ml의 Celebyx를 담아 준비하면 됩니다."
Scenario2,2102,d,d,"\n 1. 체중과 1회 투여용량으로 계산된 부하용량이 180mg입니다.\n2. 약물 농도는 Celebyx 2ml에 150mg으로, 1ml당 75mg/ml입니다.\n3. 용량 (ml) = 투여할 부하용량 (mg) / 약물농도 (mg / ml)\n  -용량(ml) = 180mg ÷ 75mg / ml = 2.4ml\n4. 주사기에 2.4ml의 Celebyx를 담아 준비하면 됩니다."
Scenario2,2103,0.7ml,0.7ml,"\n1. 체중과 1회 투여용량으로 계산된 부하용량이 53mg입니다.\n2. 약물 농도는 Celebyx 2ml에 150mg으로, 1ml당 75mg / ml입니다.\n3. 용량 (ml) = 투여할 부하용량 (mg) ÷ 약물농도 (mg / ml)\n  -용량(ml) = 53mg ÷ 75mg/ml = 0.7066...ml\n  - 소수점 첫째자리까지 계산 = 0.7ml\n4. 주사기에 0.7ml의 Celebyx를 담아 준비하면 됩니다."
Scenario2,2103,d,d,"\n1. 체중과 1회 투여용량으로 계산된 부하용량이 53mg입니다.\n2. 약물 농도는 Celebyx 2ml에 150mg으로, 1ml당 75mg / ml입니다.\n3. 용량 (ml) = 투여할 부하용량 (mg) ÷  약물농도 (mg / ml)\n  -용량(ml) = 53mg ÷  75mg / ml = 0.7066...ml\n  - 소수점 첫째자리까지 계산 = 0.7ml\n4. 주사기에 0.7ml의 Celebyx를 담아 준비하면 됩니다."
Scenario2,2131,21.2ml/hr,21.2ml/hr,이미지를 참고하세요.
Scenario2,2131,d,d,이미지를 참고하세요.
Scenario2,2132,25.6ml/hr,25.6ml/hr,이미지를 참고하세요.
Scenario2,2132,d,d,이미지를 참고하세요.
Scenario2,2133,18.8ml/hr,18.8ml/hr,이미지를 참고하세요.
Scenario2,2133,d,d,이미지를 참고하세요.
Scenario2,2351,1.5cc/hr,1.5cc/hr,이미지를 참고하세요.
Scenario2,2351,d,d,이미지를 참고하세요.
Scenario2,2352,2.1cc/hr,2.1cc/hr,이미지를 참고하세요.
Scenario2,2352,d,d,이미지를 참고하세요.
Scenario2,2353,3.6cc/hr,3.6cc/hr,이미지를 참고하세요.
Scenario2,2353,d,d,이미지를 참고하세요.
